Sequence,Video ID,PSNR(dB),SSIM,VIF,Compression Ratio (%)
referee,1DUIE2D4,36.8161428621618,0.9713620561361312,1.2175070941544006,77.24192443750685
referee,UQEW9JZM,36.0558065232937,0.9578975805640221,1.2952421223649353,79.99348310395143
referee,RPZ0S199,36.56385067802917,0.9671053043007851,1.2400872425646046,78.36570026766049
referee,GUVZ3UIA,37.34487494921496,0.9768223711848258,1.1934361295824183,75.7437589342631
referee,QUCTF9X1,37.34567445064584,0.9768363291025162,1.1934208561445423,75.73133195304928
referee,IZ8JUXIR,36.80938677789737,0.9712588474154472,1.2182816745134657,77.25742339881728
referee,NXY3FKVY,36.811571145184786,0.9712964594364166,1.217858618783395,77.26533090314001
referee,PSODV6WA,37.34351904488382,0.9768119940161705,1.1935276020061065,75.72585169225965
referee,G50YINTL,36.55843411996381,0.9670741322636605,1.2402233698258551,78.34006250784192
referee,3LIUO7ME,36.0602051735121,0.9578668791055679,1.2945308970052958,80.00633990954094
referee,3A6X2KNZ,37.16729715887726,0.9754145085811615,1.1992517273536456,76.14783809400701
referee,Q2T6SCG0,36.05955073064777,0.9578600323200226,1.2945414635080814,80.00848271047252
referee,KL2QGV0Y,36.813774396024556,0.9713110819458961,1.2177882349323002,77.26059651406109
referee,0TELWOMN,37.343617944603594,0.9768143445253372,1.1934061966283736,75.7284622432471
referee,KDI963JE,32.972182590794866,0.8932865750789643,1.55867000249023,86.51528420714627
referee,E4LIJPG8,37.0038283976899,0.9737866470217704,1.206313856745264,76.6011763913905
referee,QKUNZPLL,37.16816816272802,0.9754151248931885,1.1990301366982024,76.1408913735828
referee,S615P7IC,36.059877027993444,0.9578921142220497,1.2948617912888793,80.00820458881766
referee,AUOYQQ8U,37.165333677379856,0.9753993171453476,1.1993644669366699,76.1423262284839
referee,Z11NQO00,36.560997639824436,0.9671170991659165,1.2399739544066057,78.34106753836735
referee,4JUHMIWW,36.55837462875645,0.9670818132162095,1.2402482273824198,78.35359565472841
referee,0VHHIU0B,37.00500620608319,0.9738118118047714,1.206129975618842,76.59406532635205
referee,ZJ0C5CGZ,36.81121050558349,0.9712874966859818,1.2179264349301127,77.25932600377423
referee,IWMQ8EBT,36.05961396379274,0.9579003006219864,1.2946009097918634,80.02529642869672
referee,8O1QZ298,32.984496481318224,0.8934025087952614,1.568135262785537,86.43211951140346
referee,MZ37DFFQ,37.34641019273908,0.976847399175167,1.1933189979890158,75.72494147593474
referee,HMNYJC3J,32.991094548315104,0.8932167819142341,1.576214317359443,86.38425730298478
referee,CWCHQI68,36.0612243306127,0.9578940564393997,1.2941744898434004,80.02187679653157
referee,KJ7HXWYK,32.96551698589723,0.8931111147999764,1.566832477619835,86.53025852988053
referee,9A13V3M0,32.97458076792035,0.8933287951350212,1.5633031133303792,86.47300339466443
referee,P5WMZV7U,37.00695593897806,0.9738303858041764,1.2060975768501023,76.59180874837986
referee,4HQO9B2K,37.00391435768081,0.9738085469603539,1.206431944941924,76.5921184747682
referee,7TDIK0PA,32.99335493176173,0.8931838947534562,1.5679730216876342,86.46323753201165
referee,I92ANO06,36.811697807345084,0.9712897446751595,1.217763391766288,77.25967365584278
referee,619EZKYD,37.164633201847806,0.9753993400931358,1.1991183050565302,76.13311028819409
referee,6272WA8W,37.006208341282395,0.9738249540328979,1.205890025250119,76.60027249601228
referee,ZDMQQHPD,37.002952242469625,0.9737824329733848,1.2062006757865327,76.5904244610524
referee,IGZDEDXB,36.558742897856106,0.9670709052681923,1.2405371053556853,78.33223717582631
referee,ARCMNBP0,36.560251074136126,0.9670677220821381,1.240090150795612,78.3626662132441
referee,SA1QGTM4,37.00602305172662,0.973828854560852,1.2059296939074216,76.57978630775489
referee,D8033GZB,36.05593554306185,0.9578957948088646,1.2951662521004377,80.0068203014902
referee,0CSQNQ9U,37.164610262791555,0.9754004174470902,1.199099598661588,76.13106862240971
referee,G7Z8J44W,36.55598576790456,0.967065803706646,1.240534438359274,78.34039119707037
referee,VB5JR4B3,32.980300964535616,0.8931728926301002,1.573276416228026,86.4827439735304
referee,6VBR7MVE,36.810664913798284,0.9712611120939255,1.2181540390640264,77.26869364678487
referee,P9WZJIO0,37.16477187072398,0.9753948047757148,1.199113292961816,76.13964614708274
referee,RP4BV5DL,37.34251182870093,0.9767969855666161,1.1934176190592947,75.74856285375574
referee,5ZC6ZZ2H,37.345993205955565,0.9768374490737916,1.193241925756244,75.73265303090974
referee,5HMHIPKR,37.16935118433698,0.9754286840558052,1.1990342525796804,76.13653624130593
ant,B663VLED,33.49092942638489,0.9370455923676491,1.5528599667007281,86.09193248091152
ant,P5SD6LBE,34.02872354341258,0.9394182309508323,1.4724408081780607,75.95258405041841
ant,RLZ87LER,33.80470836097153,0.938011862039566,1.5015429058823095,79.5221553922574
ant,RPN2UBEE,31.9277436505314,0.9321930268406868,1.306875459506493,93.89988189311089
ant,TMYTI4SE,33.48962210830832,0.9370437696576118,1.5507003713940068,86.11501025731624
ant,HAJQPU2W,34.14825141460006,0.9404469341039657,1.4604926935171298,74.56198209718265
ant,OIDJ9IHS,33.92343006000368,0.938617260158062,1.4882791378728464,77.5168160885792
ant,NVLVWSS6,33.92299945722015,0.9386023443937301,1.4867571792462808,77.5182256596935
ant,MNJ38CJ4,34.1409482860017,0.9404305759072303,1.4588417142486672,74.68723797700629
ant,VNE2VYO3,31.924953899559647,0.9322219222784043,1.3089827756562047,93.9036871030248
ant,E70CC5G4,33.490349881598966,0.9370430049300194,1.548763203404129,86.17542586588279
ant,K7KITHDM,34.02793348452403,0.9394350498914719,1.4718980932660344,76.01459885850024
ant,XF6T0OH0,33.92140445006327,0.9386178991198539,1.4888951962110915,77.53378150952425
ant,BYWKUS93,31.9163401765004,0.9322352239489555,1.319424192863312,93.8914813549455
ant,5530PGIV,33.49095376680382,0.9370440816879273,1.5508456742499812,86.08535869634267
ant,F30RKVN7,34.143112901586484,0.940436914563179,1.4586119985565897,74.6774025839398
ant,3QR6IMZQ,33.66671186355462,0.9375560507178307,1.5235423909380057,82.40651082793973
ant,11FKW21P,33.925987097254804,0.9386043274402618,1.4865296536811814,77.41351285664756
ant,5ODBN21I,34.02866132182285,0.9394131648540497,1.4719144122109211,75.96770375492679
ant,BXY42DUZ,33.48962112464457,0.9370377504825592,1.546151775029135,86.11671059197879
ant,87DHKEIU,34.14809522261374,0.9404913318157196,1.4588879576612366,74.63273877455174
ant,C52JFHQ7,33.6656313764951,0.9375579392910004,1.5227409772675384,82.43560614560364
ant,WPQZOLXJ,33.80609441655411,0.9380259248614311,1.503188576105505,79.4741794067981
ant,2ALQQDQT,33.665895009040185,0.9375602358579636,1.5223204717240046,82.42650398235445
ant,GKUCXT1Q,33.667481182717616,0.9375575506687164,1.5233323643168126,82.3469043005509
ant,5QURNXFS,33.8024280898341,0.938006786108017,1.5020522910078002,79.50872970146486
ant,R6KQQQ4J,33.491061734192925,0.9370393517613411,1.5513024322605506,86.11207101710038
ant,CGL8F3WA,33.92268708670878,0.9386069479584694,1.4870406333010868,77.52040006535859
ant,LABQKTJZ,33.8065764059157,0.9380202728509903,1.503732673005797,79.46187884451831
ant,DPFHFWAA,31.939675018616555,0.9322453734278678,1.315385391536387,93.86752496694936
ant,ZD4JPSJ9,31.919159911722527,0.9322234022617341,1.29788799654472,93.92370554122633
ant,C9HT2DUE,34.14476787211462,0.9404616624116897,1.4596533576327277,74.69549945434427
ant,N3IPSWE6,33.66674810110222,0.9375618514418602,1.5254994116887062,82.44340619383246
ant,EI6Y8XRG,34.03055455469336,0.939413633942604,1.4734716720355565,75.90154240580921
ant,3TDU909A,34.02796055283109,0.9394133663177491,1.4737009044665017,75.98952998388474
ant,B512VIH7,34.14334341417556,0.940434543788433,1.4593165766487124,74.67031048174147
ant,WRGEHV8S,33.804465657310736,0.9380128118395805,1.501319557695658,79.5145323305362
ant,N78K2HDE,33.664680435514036,0.9375509157776832,1.5226395316022436,82.46095314187396
ant,ICYLMYB2,33.48912093099608,0.9370433950424194,1.5530850825241487,86.09738113696766
ant,6YJHKHQZ,33.922858792035704,0.9385849821567536,1.4869745934416114,77.51460375723393
ant,97KACACS,33.805574480235286,0.938044725060463,1.5011672330856292,79.57147773936398
ant,0Z2SMFVU,34.14430400964834,0.9404482224583626,1.4597012757348833,74.68013323291456
ant,20GOM0T2,33.92254651913506,0.9386023032665253,1.4849056615448581,77.4891113791895
ant,FU3IL7BI,34.03082348194736,0.939422097504139,1.4733857895451237,75.94225562350925
ant,5PPH6NPB,31.89157685672462,0.9321547177433968,1.3021919412233576,93.9395458336586
ant,X4XY8IO6,33.66717540353608,0.9375563415884972,1.525463325505746,82.39568936718791
ant,ZASTVJNL,34.0278023946105,0.939377276301384,1.4713925900916365,75.92660495947798
ant,I3YZCKQW,31.912891129737258,0.9322229900956154,1.313979882477763,93.905330549167
ant,SWGXQLOD,33.80322866993725,0.9380060762166977,1.5015076434215535,79.55300161215746
misato,B0OSJLDU,32.581822017239034,0.9471923691034317,1.2223020409596546,56.14760421897908
misato,K27HNU3S,31.619800565072058,0.9121661189198494,1.2261054077429556,59.59009292739792
misato,31N5P4BR,31.619756888816482,0.9121201452612877,1.2276985495120996,59.60242509441124
misato,XV2O53Y9,31.61819132649828,0.9121478688716889,1.2282305936933786,59.60757034502572
misato,A8EA825Q,32.18983341881482,0.9374380433559417,1.2366631141209399,57.32801573157216
misato,D3LPCQIU,29.66423647472566,0.6933792501688003,1.4255925109112848,71.78718763066583
misato,AIK8LCC6,32.58205415287185,0.9472072497010231,1.222674836979102,56.14279397853975
misato,SF7JBMGR,32.45685948138028,0.9444577896595001,1.2284379750156458,56.47047817645745
misato,9F7SD4GA,29.658937228183476,0.6922729220986367,1.416765690714274,71.83015110539137
misato,GA9DR2OX,29.657796566366198,0.6926786226034164,1.4204174092663118,71.9219628562209
misato,CN7N4S7N,31.97805575912972,0.9297744113206864,1.2371516927788757,58.12704028307728
misato,KUDUYIRF,31.617851930734705,0.9120798221230507,1.227257203200419,59.60837942620342
misato,OBMTMV9W,31.61884718473388,0.9121820282936096,1.2276017902427165,59.60255151334526
misato,8DJX4IPB,32.455924338872784,0.9444257861375809,1.2287507322583122,56.470035710188384
misato,KLKQ2TUW,29.6617831433932,0.6932210275530815,1.419361178259503,71.83576410606169
misato,3OW5ST45,32.19053043408504,0.937467440366745,1.2365452080551105,57.3184521392138
misato,5LC9M9GO,32.579779012541934,0.947146615087986,1.2223824707556126,56.15204784450977
misato,H0NPNX9R,29.65788214265769,0.6922258228063584,1.4189399563876535,71.81493026573577
misato,XXSV79J5,32.33779792866776,0.941652801334858,1.2329781361784602,56.830177969414834
misato,KDPTJCEV,32.45421185917901,0.9444098263978958,1.2285436714501856,56.475642389912025
misato,QR1FYH9I,31.975723506592008,0.9296825897693634,1.2373844861677006,58.12764077301386
misato,GDIO3Z50,32.58120226849786,0.9471902421116829,1.222345871392716,56.14456384361599
misato,40X3C9FP,32.4568772497498,0.9444566595554352,1.2284514897389562,56.472285967213885
misato,T24GPTJQ,32.579633910600634,0.9471439865231513,1.2227186366441982,56.1545699022434
misato,30JJ3OKV,32.58138383829796,0.9471926286816597,1.2220356179312661,56.143969674626106
misato,T615QMTD,31.97553029231507,0.9297007468342781,1.2374299472672818,58.131319563993735
misato,HW6L7TT7,31.97517038209206,0.9296905815601348,1.2378323165207668,58.12765341490726
misato,1ZTLWMSN,32.19115139683878,0.9374632307887077,1.2371852617945762,57.32270613634345
misato,P31OU7PJ,31.616332037381493,0.9120155915617942,1.2268176590118873,59.60875868300547
misato,W2EXHB16,31.617100039487482,0.9120666664838791,1.227668565908954,59.61947900861008
misato,8PM0CV3V,31.97613510016746,0.9296926656365394,1.2376534235701788,58.13242572966638
misato,Z5XWZ66E,32.582784120938015,0.9472003343701363,1.2226943741716767,56.14393174894591
misato,FR0AOVKD,29.665433113913377,0.6931187838315964,1.4240103177249028,71.79161229335641
misato,8N4IEX37,32.338335761199595,0.9416613134741784,1.232885589867511,56.820829289244315
misato,U133L1R5,31.975239533429516,0.9296999275684357,1.237594542837342,58.123759711739545
misato,G2QK3YK3,32.33883429578706,0.9416862478852273,1.2336070091721403,56.825759627670955
misato,A3UB1ULO,32.33766734064482,0.9416445583105088,1.232868827427902,56.83416016583636
misato,B989P0ZB,32.33760679898948,0.9416519209742547,1.2332439183164905,56.83003258764071
misato,A5U509GT,31.973704329306692,0.929597008228302,1.2376554109111488,58.14270990994863
misato,H22XIO51,29.655105034497574,0.6919235879182816,1.4202489697025769,71.78554418452362
misato,V2WNC7D8,32.19104759887943,0.9374761697649956,1.2366009091364214,57.31965311908696
misato,A362QYTA,32.19077318459951,0.9375049841403961,1.2375648790010196,57.32503856567607
misato,ZUX57F8Y,32.338607654084406,0.9416748458147048,1.2329332512676614,56.82477988093233
misato,QHZ7CIB0,32.45599207619994,0.944428867995739,1.2281468118636305,56.47232389289408
misato,3GV7MH42,32.337180976704005,0.9416418051719666,1.2335075798849806,56.83137262834129
misato,VQQTKYJI,32.45443536871316,0.9443916174769401,1.2283756365470286,56.47399894376981
misato,PN9Y0P4C,32.1911032089769,0.9374715065956116,1.2361310408385286,57.32875528233614
misato,4K86NO8S,32.45585668816465,0.9444444984197616,1.2284082033501726,56.47142631846257
misato,S29SXML8,32.19120558148985,0.9374880343675613,1.2361899777674898,57.32392607905672
duck,K9HTASKE,34.107090728731556,0.9525657778978348,1.2211090964542544,67.80258292845036
duck,GT9YSZ4D,33.62287765772759,0.9381587690114975,1.2516789460955424,68.86493811951203
duck,EV518G3G,32.46364122752348,0.8873732784390449,1.3542471407574117,71.0163797852332
duck,FVYWPAFQ,33.62202654056135,0.9381341144442559,1.2512592737182886,68.86886342741325
duck,ECOQC3UX,33.89123586361827,0.9467600801587105,1.233537232494137,68.3097883336183
duck,J7M90N69,32.471790368876796,0.8877357497811318,1.3549885396238535,71.01899665716735
duck,PEZOE01H,34.10263585645168,0.9524444249272347,1.2217647908814144,67.80741213172979
duck,S2PPSZBB,29.926698680340355,0.6947673028707504,1.9701314638895957,79.98047459564114
duck,TH1WPJA6,33.89007257078306,0.9467666876316071,1.2339348651438744,68.31229142851184
duck,X3VZA0NO,33.22636413052921,0.9230966395139695,1.2822794055627569,69.62886245398747
duck,1T5R6QS6,34.317837283004685,0.957524756193161,1.210996443044122,67.16241640943046
duck,DDKEFHTP,33.891986791906206,0.9467935863137246,1.2338561325878725,68.30390353223983
duck,Q05Y0QP2,34.10496942883466,0.9524873507022857,1.221151879301279,67.80195715472698
duck,GRQMKBDG,34.105652763478105,0.952527925670147,1.221366506160387,67.80013672207713
duck,KJST0ZKH,29.93388252385343,0.6951377364993095,1.9586589522621634,79.92700570749882
duck,BDH815W9,33.891134463411554,0.9467883226275444,1.2340570909511634,68.31405497264136
duck,7NITYQ9R,34.316060452427294,0.9575128769874572,1.2111697388295168,67.16954643730901
duck,AA680Z1E,34.10715179150528,0.9525516065955162,1.2214587119742675,67.80391664820425
duck,IFO2W3ZP,33.61825225781942,0.9379651600122452,1.2516900689547423,68.87565212416995
duck,G0NUTF02,34.3188045043613,0.9575378796458245,1.2109765673206667,67.16675257886723
duck,DT6E6NWN,29.91880106062498,0.6945738664269447,1.962402219677833,80.03788775452477
duck,Z9ZTX8I7,32.47674757459254,0.8879970034956932,1.3538278050129469,71.0050020811717
duck,LV8CUHLD,29.922853418891027,0.6954845035076141,1.9665576869554318,79.96201111032802
duck,1ATPQKS5,32.47080137812844,0.8877089351415635,1.3534159632620573,71.01715094073069
duck,IDQYLUCO,34.31608415975488,0.9575040170550346,1.2112740602030987,67.17194839705533
duck,L9AOK5FB,33.622153378874074,0.9381719979643822,1.2517519026467812,68.8691541909615
duck,2ED6MVNM,34.31631553983657,0.9574988344311715,1.2109512906949094,67.16981191707046
duck,EZ0BSDE5,33.22667257807446,0.9230856356024743,1.2823626093503129,69.63414044448265
duck,LMSINNNY,33.22958124844731,0.9232864046096801,1.2820348060530806,69.62790799103563
duck,DG4Q26FS,29.914353487358202,0.6947075673937797,1.9672107569068038,80.02715478702676
duck,WNOKIPPN,33.2220111264302,0.9229647839069366,1.2830573937449483,69.6451515336355
duck,CS8HQSQ4,33.228760310033984,0.9232631620764732,1.2822607587723363,69.63226312331251
duck,NOJNZ2E4,33.890364956029885,0.9466977795958519,1.2338534193423742,68.31586276339779
duck,YLY8L9N2,33.89304540897007,0.9468263867497444,1.233607447845471,68.3067416373085
duck,4THM5CCX,32.46853935633996,0.8875285372138023,1.355281579327417,71.01742274143884
duck,7OYK36CK,34.10369919779649,0.9524503183364869,1.2214937021757974,67.8135244871895
duck,5Q0JN1T4,33.62101188645858,0.9380798724293709,1.2520022791427565,68.8769289554035
duck,G7966EB4,33.62117965222516,0.9381255063414574,1.2515514386117343,68.87108207970525
duck,1SHFCD7W,33.227799042276786,0.9231004083156585,1.2825063022031318,69.63450073844459
duck,7GT3MSTR,33.23309016094325,0.9233826649188995,1.2821132279321426,69.63616314742691
duck,L7FIFOOH,32.47278622161057,0.8877797228097916,1.3530038338691475,71.01488172086509
duck,KQIVY5E5,34.31439581913962,0.9574780932068825,1.211133823107762,67.17376882970515
duck,BQAY3I4C,34.316821032865136,0.957499876320362,1.2111585321798404,67.1665376666794
duck,NTW0LZ23,34.10557079389094,0.952470534145832,1.2216100183552987,67.8111351693366
duck,AN4D9419,33.88878765811298,0.9467083096504212,1.2338923681612863,68.31887153402741
duck,EBY27YLX,29.933203370198243,0.6953785282373428,1.971566896872949,79.94568410499978
duck,H26D267Q,32.473089182697684,0.8878564041852951,1.3546780081590988,71.00576059477581
duck,A4UING54,29.94246266036765,0.6960590279102326,1.9596865532645276,79.95139824081731
duck,P3ERFV5I,33.62617908022811,0.9382260045409203,1.2512251641486407,68.86751074481927
