Sequence,Video ID,Bitrate,Quantizer,QP Step,B-Frames,IP Factor,PB Factor,Ref Number,Subme,RC Lookahead,Key-int-max,PSNR(dB),SSIM,VIF,Compression Ratio (%)
referee,VB5JR4B3,576,0,4,0,1.4,1.3,3,5,40,0,32.980300964535616,0.8931728926301002,1.573276416228026,86.4827439735304
referee,S615P7IC,3848,0,4,0,1.4,1.3,3,5,40,0,36.05987702799344,0.9578921142220496,1.2948617912888791,80.00820458881766
referee,RPZ0S199,6936,0,4,0,1.4,1.3,3,5,40,0,36.56385067802917,0.9671053043007852,1.2400872425646046,78.36570026766049
referee,KL2QGV0Y,10024,0,4,0,1.4,1.3,3,5,40,0,36.81377439602456,0.971311081945896,1.2177882349323002,77.26059651406109
referee,E4LIJPG8,13112,0,4,0,1.4,1.3,3,5,40,0,37.0038283976899,0.9737866470217704,1.206313856745264,76.6011763913905
referee,P9WZJIO0,16200,0,4,0,1.4,1.3,3,5,40,0,37.16477187072398,0.9753948047757148,1.199113292961816,76.13964614708274
referee,QUCTF9X1,20000,0,4,0,1.4,1.3,3,5,40,0,37.34567445064584,0.9768363291025162,1.1934208561445423,75.73133195304928
referee,8O1QZ298,576,8,4,0,1.4,1.3,3,5,40,0,32.984496481318224,0.8934025087952614,1.568135262785537,86.43211951140346
referee,D8033GZB,3848,8,4,0,1.4,1.3,3,5,40,0,36.05593554306185,0.9578957948088646,1.2951662521004377,80.0068203014902
referee,ARCMNBP0,6936,8,4,0,1.4,1.3,3,5,40,0,36.560251074136126,0.967067722082138,1.240090150795612,78.3626662132441
referee,ZJ0C5CGZ,10024,8,4,0,1.4,1.3,3,5,40,0,36.81121050558349,0.9712874966859818,1.2179264349301129,77.25932600377423
referee,0VHHIU0B,13112,8,4,0,1.4,1.3,3,5,40,0,37.00500620608319,0.9738118118047714,1.206129975618842,76.59406532635205
referee,5HMHIPKR,16200,8,4,0,1.4,1.3,3,5,40,0,37.16935118433698,0.9754286840558052,1.1990342525796804,76.13653624130593
referee,PSODV6WA,20000,8,4,0,1.4,1.3,3,5,40,0,37.34351904488382,0.9768119940161704,1.1935276020061063,75.72585169225965
referee,9A13V3M0,576,17,4,0,1.4,1.3,3,5,40,0,32.97458076792035,0.8933287951350212,1.5633031133303792,86.47300339466443
referee,UQEW9JZM,3848,17,4,0,1.4,1.3,3,5,40,0,36.0558065232937,0.957897580564022,1.2952421223649353,79.99348310395143
referee,4JUHMIWW,6936,17,4,0,1.4,1.3,3,5,40,0,36.55837462875645,0.9670818132162096,1.2402482273824198,78.35359565472841
referee,I92ANO06,10024,17,4,0,1.4,1.3,3,5,40,0,36.81169780734509,0.9712897446751596,1.217763391766288,77.25967365584278
referee,6272WA8W,13112,17,4,0,1.4,1.3,3,5,40,0,37.0062083412824,0.973824954032898,1.205890025250119,76.60027249601228
referee,619EZKYD,16200,17,4,0,1.4,1.3,3,5,40,0,37.164633201847806,0.9753993400931358,1.1991183050565302,76.13311028819409
referee,0TELWOMN,20000,17,4,0,1.4,1.3,3,5,40,0,37.3436179446036,0.9768143445253372,1.1934061966283736,75.7284622432471
referee,KDI963JE,576,25,4,0,1.4,1.3,3,5,40,0,32.972182590794866,0.8932865750789643,1.55867000249023,86.51528420714627
referee,3LIUO7ME,3848,25,4,0,1.4,1.3,3,5,40,0,36.0602051735121,0.957866879105568,1.2945308970052958,80.00633990954094
referee,G50YINTL,6936,25,4,0,1.4,1.3,3,5,40,0,36.55843411996381,0.9670741322636603,1.2402233698258551,78.34006250784192
referee,1DUIE2D4,10024,25,4,0,1.4,1.3,3,5,40,0,36.8161428621618,0.9713620561361312,1.2175070941544006,77.24192443750685
referee,SA1QGTM4,13112,25,4,0,1.4,1.3,3,5,40,0,37.00602305172662,0.973828854560852,1.2059296939074216,76.57978630775489
referee,0CSQNQ9U,16200,25,4,0,1.4,1.3,3,5,40,0,37.16461026279156,0.9754004174470902,1.199099598661588,76.13106862240971
referee,5ZC6ZZ2H,20000,25,4,0,1.4,1.3,3,5,40,0,37.345993205955565,0.9768374490737916,1.193241925756244,75.73265303090974
referee,KJ7HXWYK,576,33,4,0,1.4,1.3,3,5,40,0,32.96551698589723,0.8931111147999764,1.566832477619835,86.53025852988053
referee,IWMQ8EBT,3848,33,4,0,1.4,1.3,3,5,40,0,36.05961396379274,0.9579003006219864,1.2946009097918634,80.02529642869672
referee,Z11NQO00,6936,33,4,0,1.4,1.3,3,5,40,0,36.56099763982444,0.9671170991659164,1.2399739544066055,78.34106753836735
referee,IZ8JUXIR,10024,33,4,0,1.4,1.3,3,5,40,0,36.80938677789737,0.9712588474154472,1.2182816745134657,77.25742339881728
referee,P5WMZV7U,13112,33,4,0,1.4,1.3,3,5,40,0,37.00695593897806,0.9738303858041764,1.2060975768501023,76.59180874837986
referee,QKUNZPLL,16200,33,4,0,1.4,1.3,3,5,40,0,37.16816816272802,0.9754151248931884,1.1990301366982024,76.1408913735828
referee,GUVZ3UIA,20000,33,4,0,1.4,1.3,3,5,40,0,37.34487494921496,0.9768223711848258,1.1934361295824183,75.7437589342631
referee,7TDIK0PA,576,42,4,0,1.4,1.3,3,5,40,0,32.99335493176173,0.8931838947534562,1.5679730216876342,86.46323753201165
referee,CWCHQI68,3848,42,4,0,1.4,1.3,3,5,40,0,36.0612243306127,0.9578940564393996,1.2941744898434004,80.02187679653157
referee,IGZDEDXB,6936,42,4,0,1.4,1.3,3,5,40,0,36.558742897856106,0.9670709052681924,1.2405371053556853,78.33223717582631
referee,6VBR7MVE,10024,42,4,0,1.4,1.3,3,5,40,0,36.81066491379829,0.9712611120939256,1.2181540390640264,77.26869364678487
referee,4HQO9B2K,13112,42,4,0,1.4,1.3,3,5,40,0,37.00391435768081,0.973808546960354,1.206431944941924,76.5921184747682
referee,3A6X2KNZ,16200,42,4,0,1.4,1.3,3,5,40,0,37.16729715887726,0.9754145085811616,1.1992517273536456,76.14783809400701
referee,RP4BV5DL,20000,42,4,0,1.4,1.3,3,5,40,0,37.34251182870093,0.976796985566616,1.1934176190592949,75.74856285375574
referee,HMNYJC3J,576,50,4,0,1.4,1.3,3,5,40,0,32.991094548315104,0.8932167819142341,1.576214317359443,86.38425730298478
referee,Q2T6SCG0,3848,50,4,0,1.4,1.3,3,5,40,0,36.05955073064777,0.9578600323200226,1.2945414635080814,80.00848271047252
referee,G7Z8J44W,6936,50,4,0,1.4,1.3,3,5,40,0,36.55598576790456,0.967065803706646,1.240534438359274,78.34039119707037
referee,NXY3FKVY,10024,50,4,0,1.4,1.3,3,5,40,0,36.81157114518479,0.9712964594364166,1.217858618783395,77.26533090314001
referee,ZDMQQHPD,13112,50,4,0,1.4,1.3,3,5,40,0,37.002952242469625,0.9737824329733848,1.206200675786533,76.5904244610524
referee,AUOYQQ8U,16200,50,4,0,1.4,1.3,3,5,40,0,37.165333677379856,0.9753993171453476,1.19936446693667,76.1423262284839
referee,MZ37DFFQ,20000,50,4,0,1.4,1.3,3,5,40,0,37.34641019273908,0.976847399175167,1.1933189979890158,75.72494147593474
ant,DPFHFWAA,576,0,4,0,1.4,1.3,3,5,40,0,31.939675018616555,0.9322453734278678,1.315385391536387,93.86752496694936
ant,R6KQQQ4J,3848,0,4,0,1.4,1.3,3,5,40,0,33.491061734192925,0.9370393517613412,1.5513024322605506,86.11207101710038
ant,3QR6IMZQ,6936,0,4,0,1.4,1.3,3,5,40,0,33.66671186355462,0.9375560507178308,1.5235423909380057,82.40651082793973
ant,LABQKTJZ,10024,0,4,0,1.4,1.3,3,5,40,0,33.8065764059157,0.9380202728509904,1.503732673005797,79.46187884451831
ant,6YJHKHQZ,13112,0,4,0,1.4,1.3,3,5,40,0,33.922858792035704,0.9385849821567536,1.4869745934416114,77.51460375723393
ant,ZASTVJNL,16200,0,4,0,1.4,1.3,3,5,40,0,34.0278023946105,0.939377276301384,1.4713925900916365,75.92660495947798
ant,MNJ38CJ4,20000,0,4,0,1.4,1.3,3,5,40,0,34.1409482860017,0.9404305759072304,1.4588417142486672,74.68723797700629
ant,I3YZCKQW,576,8,4,0,1.4,1.3,3,5,40,0,31.912891129737258,0.9322229900956154,1.313979882477763,93.905330549167
ant,B663VLED,3848,8,4,0,1.4,1.3,3,5,40,0,33.49092942638489,0.9370455923676492,1.552859966700728,86.09193248091152
ant,X4XY8IO6,6936,8,4,0,1.4,1.3,3,5,40,0,33.66717540353608,0.9375563415884972,1.525463325505746,82.39568936718791
ant,5QURNXFS,10024,8,4,0,1.4,1.3,3,5,40,0,33.8024280898341,0.938006786108017,1.5020522910078002,79.50872970146486
ant,NVLVWSS6,13112,8,4,0,1.4,1.3,3,5,40,0,33.92299945722015,0.93860234439373,1.4867571792462808,77.5182256596935
ant,5ODBN21I,16200,8,4,0,1.4,1.3,3,5,40,0,34.02866132182285,0.9394131648540496,1.4719144122109211,75.96770375492679
ant,87DHKEIU,20000,8,4,0,1.4,1.3,3,5,40,0,34.14809522261374,0.9404913318157196,1.4588879576612366,74.63273877455174
ant,VNE2VYO3,576,17,4,0,1.4,1.3,3,5,40,0,31.924953899559647,0.9322219222784044,1.3089827756562047,93.9036871030248
ant,E70CC5G4,3848,17,4,0,1.4,1.3,3,5,40,0,33.490349881598966,0.9370430049300194,1.548763203404129,86.17542586588279
ant,2ALQQDQT,6936,17,4,0,1.4,1.3,3,5,40,0,33.665895009040185,0.9375602358579636,1.5223204717240046,82.42650398235445
ant,RLZ87LER,10024,17,4,0,1.4,1.3,3,5,40,0,33.80470836097153,0.938011862039566,1.5015429058823095,79.5221553922574
ant,CGL8F3WA,13112,17,4,0,1.4,1.3,3,5,40,0,33.92268708670878,0.9386069479584694,1.4870406333010868,77.52040006535859
ant,K7KITHDM,16200,17,4,0,1.4,1.3,3,5,40,0,34.02793348452403,0.939435049891472,1.4718980932660344,76.01459885850024
ant,B512VIH7,20000,17,4,0,1.4,1.3,3,5,40,0,34.14334341417556,0.940434543788433,1.4593165766487124,74.67031048174147
ant,ZD4JPSJ9,576,25,4,0,1.4,1.3,3,5,40,0,31.919159911722527,0.932223402261734,1.29788799654472,93.92370554122633
ant,ICYLMYB2,3848,25,4,0,1.4,1.3,3,5,40,0,33.48912093099608,0.9370433950424194,1.553085082524149,86.09738113696766
ant,C52JFHQ7,6936,25,4,0,1.4,1.3,3,5,40,0,33.6656313764951,0.9375579392910004,1.5227409772675384,82.43560614560364
ant,WRGEHV8S,10024,25,4,0,1.4,1.3,3,5,40,0,33.804465657310736,0.9380128118395804,1.501319557695658,79.5145323305362
ant,11FKW21P,13112,25,4,0,1.4,1.3,3,5,40,0,33.925987097254804,0.9386043274402618,1.4865296536811814,77.41351285664756
ant,P5SD6LBE,16200,25,4,0,1.4,1.3,3,5,40,0,34.02872354341258,0.9394182309508324,1.472440808178061,75.95258405041841
ant,F30RKVN7,20000,25,4,0,1.4,1.3,3,5,40,0,34.143112901586484,0.940436914563179,1.4586119985565895,74.6774025839398
ant,RPN2UBEE,576,33,4,0,1.4,1.3,3,5,40,0,31.9277436505314,0.9321930268406868,1.306875459506493,93.89988189311087
ant,5530PGIV,3848,33,4,0,1.4,1.3,3,5,40,0,33.49095376680382,0.9370440816879272,1.5508456742499812,86.08535869634267
ant,GKUCXT1Q,6936,33,4,0,1.4,1.3,3,5,40,0,33.667481182717616,0.9375575506687164,1.5233323643168126,82.3469043005509
ant,SWGXQLOD,10024,33,4,0,1.4,1.3,3,5,40,0,33.80322866993725,0.9380060762166976,1.5015076434215535,79.55300161215746
ant,XF6T0OH0,13112,33,4,0,1.4,1.3,3,5,40,0,33.92140445006327,0.938617899119854,1.4888951962110917,77.53378150952425
ant,EI6Y8XRG,16200,33,4,0,1.4,1.3,3,5,40,0,34.03055455469336,0.939413633942604,1.4734716720355563,75.90154240580921
ant,0Z2SMFVU,20000,33,4,0,1.4,1.3,3,5,40,0,34.14430400964834,0.9404482224583626,1.4597012757348833,74.68013323291456
ant,5PPH6NPB,576,42,4,0,1.4,1.3,3,5,40,0,31.89157685672462,0.9321547177433968,1.3021919412233576,93.9395458336586
ant,BXY42DUZ,3848,42,4,0,1.4,1.3,3,5,40,0,33.48962112464457,0.9370377504825592,1.546151775029135,86.11671059197879
ant,N78K2HDE,6936,42,4,0,1.4,1.3,3,5,40,0,33.66468043551404,0.9375509157776832,1.5226395316022436,82.46095314187396
ant,97KACACS,10024,42,4,0,1.4,1.3,3,5,40,0,33.805574480235286,0.938044725060463,1.5011672330856292,79.57147773936398
ant,OIDJ9IHS,13112,42,4,0,1.4,1.3,3,5,40,0,33.92343006000368,0.938617260158062,1.4882791378728464,77.5168160885792
ant,FU3IL7BI,16200,42,4,0,1.4,1.3,3,5,40,0,34.03082348194736,0.939422097504139,1.4733857895451237,75.94225562350925
ant,HAJQPU2W,20000,42,4,0,1.4,1.3,3,5,40,0,34.14825141460006,0.9404469341039656,1.4604926935171298,74.56198209718265
ant,BYWKUS93,576,50,4,0,1.4,1.3,3,5,40,0,31.9163401765004,0.9322352239489556,1.319424192863312,93.8914813549455
ant,TMYTI4SE,3848,50,4,0,1.4,1.3,3,5,40,0,33.48962210830832,0.9370437696576118,1.5507003713940068,86.11501025731624
ant,N3IPSWE6,6936,50,4,0,1.4,1.3,3,5,40,0,33.66674810110222,0.9375618514418602,1.5254994116887062,82.44340619383246
ant,WPQZOLXJ,10024,50,4,0,1.4,1.3,3,5,40,0,33.80609441655411,0.9380259248614312,1.503188576105505,79.4741794067981
ant,20GOM0T2,13112,50,4,0,1.4,1.3,3,5,40,0,33.92254651913506,0.9386023032665252,1.484905661544858,77.4891113791895
ant,3TDU909A,16200,50,4,0,1.4,1.3,3,5,40,0,34.02796055283109,0.9394133663177492,1.4737009044665017,75.98952998388474
ant,C9HT2DUE,20000,50,4,0,1.4,1.3,3,5,40,0,34.14476787211462,0.9404616624116896,1.4596533576327275,74.69549945434427
misato,D3LPCQIU,576,0,4,0,1.4,1.3,3,5,40,0,29.66423647472566,0.6933792501688003,1.4255925109112848,71.78718763066583
misato,XV2O53Y9,3848,0,4,0,1.4,1.3,3,5,40,0,31.61819132649828,0.9121478688716887,1.2282305936933786,59.60757034502572
misato,QR1FYH9I,6936,0,4,0,1.4,1.3,3,5,40,0,31.975723506592008,0.9296825897693634,1.2373844861677006,58.12764077301386
misato,1ZTLWMSN,10024,0,4,0,1.4,1.3,3,5,40,0,32.19115139683878,0.9374632307887076,1.2371852617945762,57.32270613634345
misato,G2QK3YK3,13112,0,4,0,1.4,1.3,3,5,40,0,32.33883429578706,0.9416862478852271,1.2336070091721405,56.82575962767096
misato,4K86NO8S,16200,0,4,0,1.4,1.3,3,5,40,0,32.45585668816465,0.9444444984197616,1.2284082033501726,56.47142631846257
misato,30JJ3OKV,20000,0,4,0,1.4,1.3,3,5,40,0,32.58138383829796,0.9471926286816597,1.222035617931266,56.143969674626106
misato,FR0AOVKD,576,8,4,0,1.4,1.3,3,5,40,0,29.665433113913377,0.6931187838315964,1.4240103177249028,71.79161229335641
misato,KUDUYIRF,3848,8,4,0,1.4,1.3,3,5,40,0,31.617851930734705,0.9120798221230508,1.227257203200419,59.60837942620342
misato,8PM0CV3V,6936,8,4,0,1.4,1.3,3,5,40,0,31.97613510016746,0.9296926656365394,1.2376534235701788,58.13242572966638
misato,PN9Y0P4C,10024,8,4,0,1.4,1.3,3,5,40,0,32.1911032089769,0.9374715065956116,1.2361310408385286,57.32875528233614
misato,A3UB1ULO,13112,8,4,0,1.4,1.3,3,5,40,0,32.33766734064482,0.9416445583105088,1.232868827427902,56.83416016583636
misato,SF7JBMGR,16200,8,4,0,1.4,1.3,3,5,40,0,32.45685948138028,0.9444577896595,1.2284379750156458,56.47047817645745
misato,B0OSJLDU,20000,8,4,0,1.4,1.3,3,5,40,0,32.581822017239034,0.9471923691034316,1.2223020409596546,56.14760421897908
misato,9F7SD4GA,576,17,4,0,1.4,1.3,3,5,40,0,29.65893722818348,0.6922729220986367,1.416765690714274,71.83015110539137
misato,P31OU7PJ,3848,17,4,0,1.4,1.3,3,5,40,0,31.616332037381493,0.9120155915617942,1.226817659011887,59.60875868300547
misato,CN7N4S7N,6936,17,4,0,1.4,1.3,3,5,40,0,31.97805575912972,0.9297744113206864,1.2371516927788755,58.12704028307728
misato,S29SXML8,10024,17,4,0,1.4,1.3,3,5,40,0,32.19120558148985,0.9374880343675612,1.2361899777674898,57.32392607905672
misato,B989P0ZB,13112,17,4,0,1.4,1.3,3,5,40,0,32.33760679898948,0.9416519209742548,1.2332439183164905,56.83003258764071
misato,40X3C9FP,16200,17,4,0,1.4,1.3,3,5,40,0,32.4568772497498,0.9444566595554352,1.2284514897389562,56.472285967213885
misato,5LC9M9GO,20000,17,4,0,1.4,1.3,3,5,40,0,32.579779012541934,0.947146615087986,1.2223824707556126,56.15204784450977
misato,KLKQ2TUW,576,25,4,0,1.4,1.3,3,5,40,0,29.6617831433932,0.6932210275530815,1.419361178259503,71.83576410606169
misato,31N5P4BR,3848,25,4,0,1.4,1.3,3,5,40,0,31.61975688881648,0.9121201452612876,1.2276985495120996,59.60242509441124
misato,U133L1R5,6936,25,4,0,1.4,1.3,3,5,40,0,31.97523953342952,0.9296999275684356,1.237594542837342,58.123759711739545
misato,A362QYTA,10024,25,4,0,1.4,1.3,3,5,40,0,32.19077318459951,0.937504984140396,1.2375648790010196,57.32503856567607
misato,ZUX57F8Y,13112,25,4,0,1.4,1.3,3,5,40,0,32.338607654084406,0.9416748458147048,1.2329332512676614,56.82477988093233
misato,KDPTJCEV,16200,25,4,0,1.4,1.3,3,5,40,0,32.45421185917901,0.9444098263978958,1.2285436714501856,56.475642389912025
misato,T24GPTJQ,20000,25,4,0,1.4,1.3,3,5,40,0,32.579633910600634,0.9471439865231512,1.2227186366441982,56.1545699022434
misato,H0NPNX9R,576,33,4,0,1.4,1.3,3,5,40,0,29.65788214265769,0.6922258228063584,1.4189399563876537,71.81493026573577
misato,K27HNU3S,3848,33,4,0,1.4,1.3,3,5,40,0,31.619800565072055,0.9121661189198494,1.2261054077429556,59.59009292739792
misato,T615QMTD,6936,33,4,0,1.4,1.3,3,5,40,0,31.97553029231507,0.929700746834278,1.2374299472672818,58.131319563993735
misato,3OW5ST45,10024,33,4,0,1.4,1.3,3,5,40,0,32.19053043408504,0.937467440366745,1.2365452080551105,57.3184521392138
misato,3GV7MH42,13112,33,4,0,1.4,1.3,3,5,40,0,32.337180976704005,0.9416418051719666,1.2335075798849806,56.83137262834129
misato,QHZ7CIB0,16200,33,4,0,1.4,1.3,3,5,40,0,32.45599207619994,0.944428867995739,1.2281468118636305,56.47232389289408
misato,GDIO3Z50,20000,33,4,0,1.4,1.3,3,5,40,0,32.58120226849786,0.9471902421116828,1.222345871392716,56.14456384361599
misato,GA9DR2OX,576,42,4,0,1.4,1.3,3,5,40,0,29.6577965663662,0.6926786226034164,1.4204174092663118,71.9219628562209
misato,OBMTMV9W,3848,42,4,0,1.4,1.3,3,5,40,0,31.61884718473388,0.9121820282936096,1.2276017902427163,59.60255151334526
misato,HW6L7TT7,6936,42,4,0,1.4,1.3,3,5,40,0,31.97517038209206,0.9296905815601348,1.2378323165207668,58.12765341490726
misato,A8EA825Q,10024,42,4,0,1.4,1.3,3,5,40,0,32.18983341881482,0.9374380433559416,1.23666311412094,57.32801573157216
misato,XXSV79J5,13112,42,4,0,1.4,1.3,3,5,40,0,32.33779792866776,0.941652801334858,1.2329781361784602,56.830177969414834
misato,VQQTKYJI,16200,42,4,0,1.4,1.3,3,5,40,0,32.45443536871316,0.94439161747694,1.2283756365470286,56.47399894376981
misato,AIK8LCC6,20000,42,4,0,1.4,1.3,3,5,40,0,32.58205415287185,0.9472072497010232,1.222674836979102,56.14279397853975
misato,H22XIO51,576,50,4,0,1.4,1.3,3,5,40,0,29.655105034497574,0.6919235879182816,1.4202489697025769,71.78554418452362
misato,W2EXHB16,3848,50,4,0,1.4,1.3,3,5,40,0,31.61710003948748,0.9120666664838792,1.227668565908954,59.61947900861008
misato,A5U509GT,6936,50,4,0,1.4,1.3,3,5,40,0,31.97370432930669,0.929597008228302,1.2376554109111488,58.14270990994863
misato,V2WNC7D8,10024,50,4,0,1.4,1.3,3,5,40,0,32.19104759887943,0.9374761697649956,1.2366009091364214,57.31965311908696
misato,8N4IEX37,13112,50,4,0,1.4,1.3,3,5,40,0,32.338335761199595,0.9416613134741784,1.232885589867511,56.82082928924432
misato,8DJX4IPB,16200,50,4,0,1.4,1.3,3,5,40,0,32.455924338872784,0.9444257861375808,1.2287507322583122,56.470035710188384
misato,Z5XWZ66E,20000,50,4,0,1.4,1.3,3,5,40,0,32.582784120938015,0.9472003343701364,1.2226943741716767,56.14393174894591
duck,DG4Q26FS,576,0,4,0,1.4,1.3,3,5,40,0,29.9143534873582,0.6947075673937797,1.967210756906804,80.02715478702676
duck,L7FIFOOH,3848,0,4,0,1.4,1.3,3,5,40,0,32.47278622161057,0.8877797228097916,1.3530038338691477,71.01488172086509
duck,LMSINNNY,6936,0,4,0,1.4,1.3,3,5,40,0,33.22958124844731,0.92328640460968,1.2820348060530806,69.62790799103563
duck,IFO2W3ZP,10024,0,4,0,1.4,1.3,3,5,40,0,33.61825225781942,0.9379651600122452,1.2516900689547423,68.87565212416995
duck,NOJNZ2E4,13112,0,4,0,1.4,1.3,3,5,40,0,33.890364956029885,0.946697779595852,1.2338534193423742,68.31586276339779
duck,PEZOE01H,16200,0,4,0,1.4,1.3,3,5,40,0,34.10263585645168,0.9524444249272348,1.2217647908814144,67.80741213172979
duck,2ED6MVNM,20000,0,4,0,1.4,1.3,3,5,40,0,34.31631553983657,0.9574988344311716,1.2109512906949094,67.16981191707046
duck,KJST0ZKH,576,8,4,0,1.4,1.3,3,5,40,0,29.93388252385343,0.6951377364993095,1.9586589522621636,79.92700570749882
duck,J7M90N69,3848,8,4,0,1.4,1.3,3,5,40,0,32.4717903688768,0.8877357497811318,1.3549885396238537,71.01899665716735
duck,CS8HQSQ4,6936,8,4,0,1.4,1.3,3,5,40,0,33.228760310033984,0.9232631620764732,1.2822607587723365,69.63226312331251
duck,FVYWPAFQ,10024,8,4,0,1.4,1.3,3,5,40,0,33.62202654056135,0.938134114444256,1.2512592737182886,68.86886342741325
duck,AN4D9419,13112,8,4,0,1.4,1.3,3,5,40,0,33.88878765811298,0.9467083096504212,1.2338923681612863,68.31887153402741
duck,GRQMKBDG,16200,8,4,0,1.4,1.3,3,5,40,0,34.105652763478105,0.952527925670147,1.221366506160387,67.80013672207713
duck,KQIVY5E5,20000,8,4,0,1.4,1.3,3,5,40,0,34.31439581913962,0.9574780932068824,1.211133823107762,67.17376882970515
duck,S2PPSZBB,576,17,4,0,1.4,1.3,3,5,40,0,29.926698680340355,0.6947673028707504,1.970131463889596,79.98047459564114
duck,4THM5CCX,3848,17,4,0,1.4,1.3,3,5,40,0,32.46853935633996,0.8875285372138023,1.355281579327417,71.01742274143884
duck,WNOKIPPN,6936,17,4,0,1.4,1.3,3,5,40,0,33.2220111264302,0.9229647839069366,1.2830573937449483,69.6451515336355
duck,P3ERFV5I,10024,17,4,0,1.4,1.3,3,5,40,0,33.62617908022811,0.9382260045409204,1.2512251641486407,68.86751074481927
duck,DDKEFHTP,13112,17,4,0,1.4,1.3,3,5,40,0,33.891986791906206,0.9467935863137246,1.2338561325878723,68.30390353223983
duck,AA680Z1E,16200,17,4,0,1.4,1.3,3,5,40,0,34.10715179150528,0.9525516065955162,1.2214587119742677,67.80391664820425
duck,BQAY3I4C,20000,17,4,0,1.4,1.3,3,5,40,0,34.316821032865136,0.957499876320362,1.2111585321798404,67.1665376666794
duck,A4UING54,576,25,4,0,1.4,1.3,3,5,40,0,29.94246266036765,0.6960590279102326,1.959686553264528,79.95139824081731
duck,Z9ZTX8I7,3848,25,4,0,1.4,1.3,3,5,40,0,32.47674757459254,0.8879970034956932,1.3538278050129469,71.0050020811717
duck,X3VZA0NO,6936,25,4,0,1.4,1.3,3,5,40,0,33.22636413052921,0.9230966395139696,1.2822794055627569,69.62886245398747
duck,5Q0JN1T4,10024,25,4,0,1.4,1.3,3,5,40,0,33.62101188645858,0.9380798724293709,1.2520022791427563,68.8769289554035
duck,YLY8L9N2,13112,25,4,0,1.4,1.3,3,5,40,0,33.89304540897007,0.9468263867497444,1.233607447845471,68.3067416373085
duck,K9HTASKE,16200,25,4,0,1.4,1.3,3,5,40,0,34.10709072873156,0.9525657778978348,1.2211090964542544,67.80258292845036
duck,G0NUTF02,20000,25,4,0,1.4,1.3,3,5,40,0,34.3188045043613,0.9575378796458244,1.2109765673206667,67.16675257886723
duck,LV8CUHLD,576,33,4,0,1.4,1.3,3,5,40,0,29.922853418891027,0.6954845035076141,1.966557686955432,79.96201111032802
duck,EV518G3G,3848,33,4,0,1.4,1.3,3,5,40,0,32.46364122752348,0.8873732784390449,1.3542471407574117,71.0163797852332
duck,1SHFCD7W,6936,33,4,0,1.4,1.3,3,5,40,0,33.227799042276786,0.9231004083156584,1.2825063022031318,69.63450073844459
duck,G7966EB4,10024,33,4,0,1.4,1.3,3,5,40,0,33.62117965222516,0.9381255063414574,1.2515514386117343,68.87108207970525
duck,ECOQC3UX,13112,33,4,0,1.4,1.3,3,5,40,0,33.89123586361827,0.9467600801587104,1.233537232494137,68.3097883336183
duck,7OYK36CK,16200,33,4,0,1.4,1.3,3,5,40,0,34.10369919779649,0.9524503183364867,1.2214937021757974,67.8135244871895
duck,IDQYLUCO,20000,33,4,0,1.4,1.3,3,5,40,0,34.31608415975488,0.9575040170550346,1.2112740602030987,67.17194839705533
duck,EBY27YLX,576,42,4,0,1.4,1.3,3,5,40,0,29.933203370198243,0.6953785282373428,1.971566896872949,79.94568410499978
duck,1ATPQKS5,3848,42,4,0,1.4,1.3,3,5,40,0,32.47080137812844,0.8877089351415635,1.3534159632620573,71.01715094073069
duck,7GT3MSTR,6936,42,4,0,1.4,1.3,3,5,40,0,33.23309016094325,0.9233826649188996,1.2821132279321426,69.63616314742691
duck,L9AOK5FB,10024,42,4,0,1.4,1.3,3,5,40,0,33.622153378874074,0.9381719979643822,1.2517519026467812,68.8691541909615
duck,BDH815W9,13112,42,4,0,1.4,1.3,3,5,40,0,33.891134463411554,0.9467883226275444,1.2340570909511634,68.31405497264136
duck,NTW0LZ23,16200,42,4,0,1.4,1.3,3,5,40,0,34.10557079389094,0.952470534145832,1.2216100183552987,67.8111351693366
duck,7NITYQ9R,20000,42,4,0,1.4,1.3,3,5,40,0,34.316060452427294,0.9575128769874572,1.2111697388295168,67.16954643730901
duck,DT6E6NWN,576,50,4,0,1.4,1.3,3,5,40,0,29.91880106062498,0.6945738664269447,1.962402219677833,80.03788775452477
duck,H26D267Q,3848,50,4,0,1.4,1.3,3,5,40,0,32.473089182697684,0.8878564041852951,1.3546780081590988,71.00576059477581
duck,EZ0BSDE5,6936,50,4,0,1.4,1.3,3,5,40,0,33.22667257807446,0.9230856356024744,1.2823626093503129,69.63414044448265
duck,GT9YSZ4D,10024,50,4,0,1.4,1.3,3,5,40,0,33.62287765772759,0.9381587690114976,1.2516789460955424,68.86493811951203
duck,TH1WPJA6,13112,50,4,0,1.4,1.3,3,5,40,0,33.89007257078306,0.9467666876316072,1.2339348651438744,68.31229142851184
duck,Q05Y0QP2,16200,50,4,0,1.4,1.3,3,5,40,0,34.10496942883466,0.9524873507022856,1.221151879301279,67.80195715472698
duck,1T5R6QS6,20000,50,4,0,1.4,1.3,3,5,40,0,34.317837283004685,0.957524756193161,1.210996443044122,67.16241640943046
